,LR,RF,GBM
RMSE,93.52788101496706,72.17552962805392,75.30258672424098
