,LR,RF,GBM
RMSE,93.52788101496706,71.89049144219163,72.76846646804529
