,LR,RF,GBM
RMSE,93.52788101496706,79.34826897387983,96.54189156526435
