,LR,RF,GBM
RMSE,93.52788101496706,71.82691334276936,96.54189156526435
